{
  "ultimo_n_verificado": 1000000,
  "total_verificados": 499948,
  "total_cumple": 499948,
  "contraejemplos": [],
  "tiempo_total": 3731.6968853473663,
  "inicio_sesion": "2025-11-08T15:49:15.287968"
}